INSERT INTO raw_sales
(order_time, product_name, price, brand, product_model, category, buyers_cookies, amount)
VALUES
    ('2023-06-01', 'Ноутбук ASUS M1502IA-BQ093', 46999, 'ASUS', 'M1502IA-BQ093', 'Ноутбуки', 'aaabbb', 2),
    ('2023-06-01', 'Операционная система Microsoft Windows 11 Home 32-bit/64-bit & VPN на 1 месяц', 13999, 'Microsoft ', 'Windows 11 Home 32-bit/64-bit', 'OS', 'aaabbb', 2),
    ('2023-06-02', 'Ноутбук Haier i1510SD (JB0B1BE00RU)', 34999, 'Haier', 'i1510SD (JB0B1BE00RU)', 'Ноутбуки', 'bbbxxc', 1),
    ('2023-06-02', 'Программное обеспечение Microsoft Office Для дома и учёбы 2021 & VPN на 1 месяц', 13999, 'Microsoft ', 'Office Home', 'Soft', 'bbbxxc', 1),
    ('2023-06-03', 'Ноутбук ASUS Ноутбук 15 M1502I (90NB0Y52-M002R0)', 44999, 'ASUS', '15 M1502I (90NB0Y52-M002R0)', 'Ноутбуки', 'dhghag', 1),
    ('2023-06-03', 'Мышь Acer OMR031', 699, 'Aser', 'OMR031', 'Периферийные устройства', 'dhghag', 1),
    ('2023-06-04', 'Ноутбук Apple MacBook Air 13 M1/8/256GB Space Gray (MGN63)', 91999, 'Apple', 'MacBook Air 13 M1/8/256GB Space Gray (MGN63)', 'Ноутбуки', 'areg456', 1),
    ('2023-06-04', 'Игровая мышь Logitech G502 X Hero Lightspeed', 15290, 'Logitech ', 'G502 X Hero Lightspeed', 'Периферийные устройства', 'areg456', 1),
    ('2023-06-05', 'Антивирус Kaspersky Internet Security 1ПК/1Г + Think Free Office', 3999, 'Kaspersky ', 'Internet Security 1ПК/1Г + Think Free Office', 'Soft', 'zgzjrjyzj', 1),
    ('2023-06-05', 'Игровой ноутбук Thunderobot 911 Air Wave D (JT009CE09RU)', 64999, 'Thunderobot', '911 Air Wave D (JT009CE09RU)', 'Ноутбуки', 'ehgzulk', 3),
    ('2023-06-06', 'Ноутбук HONOR MagicBook X 15 i5 8+512GB Space Grey (BDR-WDH)', 51999, 'HONOR ', 'X 15 i5 8+512GB Space Grey (BDR-WDH)', 'Ноутбуки', 'nsvf jhv', 1),
    ('2023-06-07', 'Ноутбук Xiaomi RedmiBook 15 JYU4525RU', 39999, 'Xiaomi ', 'RedmiBook 15 JYU4525RU', 'Ноутбуки', 'ahgahgg', 1),
    ('2023-06-08', 'Мышь Acer OMR031', 699, 'Aser', 'OMR031', 'Периферийные устройства', 'skdnnjfd', 10),
    ('2023-06-09', 'Игровой ноутбук ASUS TUF F15 FX506HCB-US51', 73999, 'ASUS', 'TUF F15 FX506HCB-US51', 'Ноутбуки', 'ajbgbajz', 1),
    ('2023-06-10', 'Программное обеспечение Microsoft Office Для дома и учёбы 2021 & VPN на 1 месяц', 13999, 'Microsoft ', 'Office Home', 'Soft', 'areg456', 1),
    ('2023-06-11', 'Ноутбук ASUS Ноутбук 15 M1502I (90NB0Y52-M002R0)', 44999, 'ASUS', '15 M1502I (90NB0Y52-M002R0)', 'Ноутбуки', 'ehgzulk', 1),
    ('2023-06-12', 'Мышь Acer OMR031', 699, 'Aser', 'OMR031', 'Периферийные устройства', 'dhghag', 1),
    ('2023-06-13', 'Ноутбук Apple MacBook Air 13 M1/8/256GB Space Gray (MGN63)', 91999, 'Apple', 'MacBook Air 13 M1/8/256GB Space Gray (MGN63)', 'Ноутбуки', 'ehgzulk', 1),
    ('2023-06-14', 'Игровая мышь Logitech G502 X Hero Lightspeed', 15290, 'Logitech ', 'G502 X Hero Lightspeed', 'Периферийные устройства', 'ahgahgg', 1),
    ('2023-06-15', 'Ноутбук Apple MacBook Air 13 M1/8/256GB Space Gray (MGN63)', 91999, 'Apple', 'MacBook Air 13 M1/8/256GB Space Gray (MGN63)', 'Ноутбуки', 'dhghag', 1),
    ('2023-06-16', 'Игровая мышь Logitech G502 X Hero Lightspeed', 15290, 'Logitech ', 'G502 X Hero Lightspeed', 'Периферийные устройства', 'bbbxxc', 1),
    ('2023-06-17', 'Антивирус Kaspersky Internet Security 1ПК/1Г + Think Free Office', 3999, 'Kaspersky ', 'Internet Security 1ПК/1Г + Think Free Office', 'Soft', 'areg456', 1),
    ('2023-06-18', 'Ноутбук ASUS M1502IA-BQ093', 46999, 'ASUS', 'M1502IA-BQ093', 'Ноутбуки', 'nsvf jhv', 2),
    ('2023-06-19', 'Операционная система Microsoft Windows 11 Home 32-bit/64-bit & VPN на 1 месяц', 13999, 'Microsoft ', 'Windows 11 Home 32-bit/64-bit', 'OS', 'aaabbb', 2),
    ('2023-06-20', 'Ноутбук Haier i1510SD (JB0B1BE00RU)', 34999, 'Haier', 'i1510SD (JB0B1BE00RU)', 'Ноутбуки', 'skdnnjfd', 1),
    ('2023-06-21', 'Ноутбук HONOR MagicBook X 15 i5 8+512GB Space Grey (BDR-WDH)', 51999, 'HONOR ', 'X 15 i5 8+512GB Space Grey (BDR-WDH)', 'Ноутбуки', 'ehgzulk', 1),
    ('2023-06-22', 'Ноутбук Xiaomi RedmiBook 15 JYU4525RU', 39999, 'Xiaomi ', 'RedmiBook 15 JYU4525RU', 'Ноутбуки', 'ehgzulk', 1),
    ('2023-06-23', 'Мышь Acer OMR031', 699, 'Aser', 'OMR031', 'Периферийные устройства', 'zgzjrjyzj', 10),
    ('2023-06-24', 'Игровой ноутбук ASUS TUF F15 FX506HCB-US51', 73999, 'ASUS', 'TUF F15 FX506HCB-US51', 'Ноутбуки', 'ehgzulk', 1),
    ('2023-06-25', 'Программное обеспечение Microsoft Office Для дома и учёбы 2021 & VPN на 1 месяц', 13999, 'Microsoft ', 'Office Home', 'Soft', 'ahgahgg', 1),
    ('2023-06-26', 'Ноутбук ASUS Ноутбук 15 M1502I (90NB0Y52-M002R0)', 44999, 'ASUS', '15 M1502I (90NB0Y52-M002R0)', 'Ноутбуки', 'bbbxxc', 1),
    ('2023-06-27', 'Мышь Acer OMR031', 699, 'Aser', 'OMR031', 'Периферийные устройства', 'nsvf jhv', 1),
    ('2023-06-28', 'Ноутбук Apple MacBook Air 13 M1/8/256GB Space Gray (MGN63)', 91999, 'Apple', 'MacBook Air 13 M1/8/256GB Space Gray (MGN63)', 'Ноутбуки', 'zgzjrjyzj', 1),
    ('2023-06-29', 'Игровая мышь Logitech G502 X Hero Lightspeed', 15290, 'Logitech ', 'G502 X Hero Lightspeed', 'Периферийные устройства', 'aaabbb', 1),
    ('2023-06-30', 'Антивирус Kaspersky Internet Security 1ПК/1Г + Think Free Office', 3999, 'Kaspersky ', 'Internet Security 1ПК/1Г + Think Free Office', 'Soft', 'skdnnjfd', 1);

INSERT INTO raw_personal_account
(buyers_cookies, full_name, gender, birthdate, e_mail, telephone)
VALUES
    ('aaabbb', 'Иванов Иван Иванович', 'Male', '2000-05-07', 'ivanovii@mail.ru', '79225729292'),
    ('bbbxxc', 'Петрова Мария Сергеевна', 'Female', '1998-04-18', 'petrovams@hotmail.com', '79512692278'),
    ('dhghag', 'Васильева Елена Александровна', 'Female', '1968-03-19', 'vasilevaea@gmail.com', '79207414565'),
    ('areg456', 'Ткаченко Светлана Юрьевна', 'Female', '1983-11-14', 'svetliachok@gmail.com', '79104449174'),
    ('zgzjrjyzj', 'Чек Арсений Павлович', 'Male', '1989-01-05', 'chekars@mail.ru', '79017414565'),
    ('ehgzulk', 'Гуськов Антон Павлович', 'Male', '2001-05-19', 'gusy@yandex.ru', '79035465454'),
    ('nsvf jhv', 'Трофимов Степан Алексеевич', 'Male', '2005-04-04', 'trofusya@yandex.ru', '79041445454'),
    ('ahgahgg', 'Грушевцев Илья Анатольевич', 'Male', '1982-07-23', 'grusha@mail.ru', '79052551515'),
    ('ajbgbajz', 'Крамола Светлана Ильинична', 'Female', '1994-04-19', 'kramola@hotmail.com', '79104447878'),
    ('skdnnjfd', 'Трушина Евгения Владимировна', 'Female', '2003-07-19', 'trushina_ev@yandex.ru', '79048785566');

INSERT INTO raw_promo_action
(product_name, date_start_promo, date_end_promo, discount)
VALUES
    ('Ноутбук Apple MacBook Air 13 M1/8/256GB Space Gray (MGN63)', '2023-06-12', '2023-06-15', 25),
    ('Программное обеспечение Microsoft Office Для дома и учёбы 2021 & VPN на 1 месяц', '2023-06-01', '2023-06-30', 10),
    ('Игровой ноутбук Thunderobot 911 Air Wave D (JT009CE09RU)', '2023-06-16', '2023-06-30', 10);

INSERT INTO raw_banners
(product_name, platform, buyers_cookies, type_action, time_start_act, time_end_act)
VALUES
    ('Программное обеспечение Microsoft Office Для дома и учёбы 2021 & VPN на 1 месяц', 'Yandex', 'dhghag', 'show', '2023-06-01 10:01:12.000', '2023-06-01 10:12:17.000'),
    ('Программное обеспечение Microsoft Office Для дома и учёбы 2021 & VPN на 1 месяц', 'Rambler', 'zgzjrjyzj', 'click', '2023-06-01 14:11:12.000', '2023-06-01 14:12:17.000'),
    ('Операционная система Microsoft Windows 11 Home 32-bit/64-bit & VPN на 1 месяц', 'Mail.ru', 'bbbxxc', 'click', '2023-06-02 17:09:11.000', '2023-06-02 20:59:07.000'),
    ('Ноутбук ASUS Ноутбук 15 M1502I (90NB0Y52-M002R0)', 'POPUNDER', 'dhghag', 'show', '2023-06-03 11:09:05.000', '2023-06-03 11:40:17.000'),
    ('Ноутбук Apple MacBook Air 13 M1/8/256GB Space Gray (MGN63)', 'Mail.ru', 'ehgzulk', 'show', '2023-06-04 19:17:14.000', '2023-06-14 23:01:19.000'),
    ('Ноутбук Haier i1510SD (JB0B1BE00RU)', 'POPUNDER', 'bbbxxc', 'show', '2023-06-05 02:11:54.000', '2023-06-05 07:47:17.000'),
    ('Игровая мышь Logitech G502 X Hero Lightspeed', 'Rambler', 'zgzjrjyzj', 'click', '2023-06-06 14:12:11.000', '2023-06-06 14:59:07.000'),
    ('Ноутбук HONOR MagicBook X 15 i5 8+512GB Space Grey (BDR-WDH)', 'Yandex', 'aaabbb', 'show', '2023-06-12 17:04:32.000', '2023-06-12 17:19:02.000'),
    ('Ноутбук Xiaomi RedmiBook 15 JYU4525RU', 'Rambler', 'areg456', 'click', '2023-06-17 12:12:12.000', '2023-06-17 16:04:07.000'),
    ('Мышь Acer OMR031', 'POPUNDER', 'ahgahgg', 'show', '2023-06-22 03:07:19.000', '2023-06-22 09:12:17.000'),
    ('Ноутбук ASUS Ноутбук 15 M1502I (90NB0Y52-M002R0)', 'Mail.ru', 'ehgzulk', 'show', '2023-06-26 22:17:14.000', '2023-06-26 23:59:00.000'),
    ('Программное обеспечение Microsoft Office Для дома и учёбы 2021 & VPN на 1 месяц', 'Yandex', 'nsvf jhv', 'click', '2023-06-29 08:26:51.000', '2023-06-29 11:39:32.000');
